youtube_url;CNPJ;gt_CNAE;experiment_run;llmModel;batch_size;pipeline;runs;total_tokens;total_time;experiment_time;cnae;cnae_divisao;cnae_divisao_descricao;cnae_grupo;cnae_grupo_descricao;cnae_classe;cnae_classe_descricao;cnae_subclasse;cnae_subclasse_descricao;reasoning;useFewshot
https://www.youtube.com/watch?v=KNdec9yoU6U;28173534000139;47-11-3-01;1;gpt-4o-mini;16;A;3;214965;66,13050795;66,13091731;47.11-3-01;47;Comércio varejista;11;Comércio varejista de mercadorias em geral, com predominância de produtos alimentícios;3;Comércio varejista de supermercados e hipermercados;1;Supermercados;As imagens refletem um ambiente típico de supermercado, evidenciando prateleiras repletas de produtos alimentícios e bebidas, com áreas de check-out, confirmando a atividade de comércio varejista predominantemente focada em supermercados.;True
https://www.youtube.com/watch?v=KNdec9yoU6U;28173534000139;47-11-3-01;2;gpt-4o-mini;16;A;3;215007;70,74250054;70,74289107;47.11-3-01;47;Comércio varejista;11;Comércio varejista de mercadorias em geral;3;Comércio varejista de mercadorias em geral, com predominância de produtos alimentícios - hipermercados;1;Hipermercados;As imagens representam um ambiente de hipermercado, com prateleiras recheadas de produtos alimentícios e bebidas, indicando uma predominância da atividade de comércio varejista relacionada a hipermercados.;True
https://www.youtube.com/watch?v=KNdec9yoU6U;28173534000139;47-11-3-01;3;gpt-4o-mini;16;A;3;214988;65,26115251;65,26145864;47.11-3/01;47;Comércio varejista;11;Comércio varejista de mercadorias em geral, com predominância de produtos alimentícios;3;Comércio varejista de mercadorias em geral, com predominância de produtos alimentícios - hipermercados;1;Hipermercados;As imagens retratam diversos ambientes de supermercados e hipermercados, com prateleiras amplas repletas de produtos alimentícios e itens de uso geral, evidenciando a atividade de comércio varejista predominante desses estabelecimentos.;True
https://www.youtube.com/watch?v=KNdec9yoU6U;28173534000139;47-11-3-01;1;gpt-4o-mini;16;A;3;26722;46,0664854;46,0666573;47.11-3-01;47;Comércio varejista;11;Comércio varejista de produtos alimentícios em estabelecimentos especializados;3;Supermercados e hipermercados;1;Supermercados;As imagens exibidas ao longo do vídeo mostram claramente um ambiente de supermercado, com prateleiras repletas de produtos alimentícios, evidenciando a natureza do comércio varejista de produtos alimentícios tanto em estabelecimentos especializados quanto não especializados. A variedade de produtos, interações típicas de eventos promocionais e a estrutura de organização das mercadorias reforçam a predominância da atividade como sendo de supermercados.;False
https://www.youtube.com/watch?v=KNdec9yoU6U;28173534000139;47-11-3-01;2;gpt-4o-mini;16;A;3;26813;61,56362891;61,56380844;47.11-3-01;47;Comércio varejista;11;Comércio varejista de produtos alimentícios;3;Comércio varejista de supermercados;1;Supermercados e hipermercados;As imagens apresentadas em todos os segmentos do vídeo mostram consistentemente ambientes de supermercado, com prateleiras repletas de produtos alimentícios, indicando que a atividade principal é o comércio varejista de alimentos em supermercados. Isso é reforçado pelo fato de que as descrições e raciocínios convergem para a mesma classificação de CNAE, apontando para a predominância do comércio varejista especializado neste setor.;False
https://www.youtube.com/watch?v=KNdec9yoU6U;28173534000139;47-11-3-01;3;gpt-4o-mini;16;A;3;26770;70,45450735;70,45469451;47.11-3-01;47;Comércio varejista;11;Comércio varejista de produtos alimentícios em estabelecimentos especializados;3;Supermercados e hipermercados;1;Supermercados;As imagens mostram um ambiente de venda predominantemente ocupado por prateleiras e gôndolas repletas de produtos alimentícios, característico de supermercados. O foco nas vendas de alimentos sugere que a principal atividade do empreendimento é o comércio varejista de produtos alimentícios, o que justifica a classificação CNAE 'Supermercados'.;False
https://www.youtube.com/watch?v=KNdec9yoU6U;28173534000139;47-11-3-01;1;gpt-4o-mini;16;B;3;74422;72,7753315;72,77558231;47.11-3/01;47;Comércio varejista;11;Comércio varejista de mercadorias em geral;3;Comércio varejista de mercadorias em geral, com predominância de produtos alimentícios;1;Supermercados;As imagens mostram um ambiente de supermercado com prateleiras organizadas cheias de produtos alimentícios e de limpeza, além de áreas de preparo e venda. A estrutura e a variedade de produtos indicam clara predominância do comércio varejista de mercadorias alimentícias.;True
https://www.youtube.com/watch?v=KNdec9yoU6U;28173534000139;47-11-3-01;2;gpt-4o-mini;16;B;3;75076;78,60685897;78,60715079;47.11-3/01;47;Comércio varejista;11;Comércio varejista de produtos alimentícios em estabelecimentos não especializados;3;Comércio varejista de produtos alimentícios em estabelecimentos não especializados;1;Supermercados;As imagens mostram um ambiente de supermercado com prateleiras repletas de produtos alimentícios e de limpeza, além de interações de consumidores e funcionários, indicando um estabelecimento de comércio varejista de alimentos.;True
https://www.youtube.com/watch?v=KNdec9yoU6U;28173534000139;47-11-3-01;3;gpt-4o-mini;16;B;3;74629;76,74582005;76,74608755;47.11-3/01;47;Comércio varejista;11;Comércio varejista de produtos alimentícios em geral;3;Comércio varejista de produtos alimentícios em geral, inclusive em supermercados;1;Comércio varejista de produtos alimentícios em geral;As imagens mostram prateleiras repletas de produtos alimentícios, seções organizadas e a interação de clientes e funcionários, características típicas de um supermercado que comercializa produtos variados.;True
https://www.youtube.com/watch?v=KNdec9yoU6U;28173534000139;47-11-3-01;1;gpt-4o-mini;16;B;3;27305;82,61847258;82,61863995;47.11-3-00;47;Comércio varejista;11;Comércio varejista de produtos alimentícios em geral;3;Comércio varejista de produtos alimentícios em geral;0;Supermercados e hipermercados;As imagens mostram um ambiente de supermercado com prateleiras organizadas e produtos alimentícios e não alimentícios expostos, além de interações entre funcionários e consumidores. Isso confirma que o estabelecimento se encaixa na categoria de comércio varejista de alimentos, especialmente supermercados.;False
https://www.youtube.com/watch?v=KNdec9yoU6U;28173534000139;47-11-3-01;2;gpt-4o-mini;16;B;3;27404;55,79693484;55,79720402;47.11-3-01;47;Comércio varejista;11;Comércio varejista de mercadorias em geral;3;Comércio varejista de mercadorias em geral, com predominância de produtos alimentícios;1;Supermercados e hipermercados;As imagens mostram um estabelecimento varejista com prateleiras organizadas de produtos alimentícios e bebidas, evidenciando um ambiente típico de supermercado. A variedade de alimentos e layouts apropriados indicam que o comércio é predominantemente de produtos alimentícios.;False
https://www.youtube.com/watch?v=KNdec9yoU6U;28173534000139;47-11-3-01;3;gpt-4o-mini;16;B;3;25868;49,4194653;49,41963077;47.11-3/01;47;Comércio Varejista;11;Comércio Varejista de Alimentos;3;Comércio Varejista de Alimentos em Geral;1;Comércio Varejista de Alimentos em Geral;As imagens mostram um ambiente de supermercado com prateleiras organizadas contendo alimentos e produtos de limpeza, típico do Comércio Varejista. O foco na venda de alimentos corroborando a escolha do código CNAE 47.11-3/01.;False
https://www.youtube.com/watch?v=KNdec9yoU6U;28173534000139;47-11-3-01;1;gpt-4o;16;A;3;214462;56,14505148;56,14537644;47.11-3-02;47;Comércio varejista;11;Comércio varejista de mercadorias em geral;3;Comércio varejista de mercadorias em geral, com predominância de produtos alimentícios;2;Comércio varejista de mercadorias em geral, com predominância de produtos alimentícios - supermercados;A análise integral das imagens de todos os segmentos do vídeo indica um ambiente característico de supermercado, com prateleiras recheadas de alimentos, bebidas e produtos de higiene e limpeza. Todos os segmentos reforçam a classificação como um estabelecimento que atua no comércio varejista de mercadorias em geral, com predominância de produtos alimentícios, caracterizando-se como supermercados.;True
https://www.youtube.com/watch?v=KNdec9yoU6U;28173534000139;47-11-3-01;2;gpt-4o;16;A;3;214872;61,87858772;61,87897706;47.11-3-02;47;Comércio varejista;11;Comércio varejista de mercadorias em geral, com predominância de produtos alimentícios;3;Hipermercados e supermercados;2;Comércio varejista de mercadorias em geral, com predominância de produtos alimentícios - supermercados;Os segmentos do vídeo mostram ambientes característicos de supermercado, com prateleiras cheias de alimentos, bebidas e produtos de limpeza, além de corredores e áreas típicas de atendimento ao cliente, confirmando a predominância da atividade de comércio varejista de mercadorias em geral, com ênfase em produtos alimentícios.;True
https://www.youtube.com/watch?v=KNdec9yoU6U;28173534000139;47-11-3-01;3;gpt-4o;16;A;3;215115;64,57999539;64,58033252;47.11-3-02;47;Comércio varejista;11;Comércio varejista de mercadorias em geral, com predominância de produtos alimentícios;3;Comércio varejista de mercadorias em geral, com predominância de produtos alimentícios - supermercados;2;Comércio varejista de mercadorias em geral, com predominância de produtos alimentícios - supermercados;A maioria dos segmentos do vídeo apresentam imagens de ambientes típicos de supermercados, com prateleiras repletas de diversos produtos alimentícios. Isso caracteriza predominantemente a atividade de comércio varejista de mercadorias em geral, com predominância de produtos alimentícios - supermercados. Embora um segmento tenha indicado a possibilidade de ser um minimercado ou mercearia, a predominância das imagens sugere se tratar de um supermercado.;True
https://www.youtube.com/watch?v=KNdec9yoU6U;28173534000139;47-11-3-01;1;gpt-4o;16;A;3;26575;56,79015827;56,79031229;47.11-3-02;47;Comércio Varejista;11;Hipermercados e supermercados;3;Supermercados;2;Comércio varejista de mercadorias em geral, com predominância de produtos alimentícios - supermercados;Após analisar todos os segmentos do vídeo, observa-se predominantemente um ambiente de supermercado, com imagens de prateleiras repletas de produtos alimentícios, bebidas, produtos de limpeza e a presença de caixas registradoras. Assim, a atividade predominante é classificada como comércio varejista de mercadorias em geral, com predominância de produtos alimentícios - supermercados.;False
https://www.youtube.com/watch?v=KNdec9yoU6U;28173534000139;47-11-3-01;2;gpt-4o;16;A;3;26378;45,34272838;45,34291744;47.11-3-02;47;Comércio Varejista;11;Comércio Varejista de Mercadorias em Geral, com Predominância de Produtos Alimentícios - Supermercados;3;Comércio Varejista de Mercadorias em Geral, com Predominância de Produtos Alimentícios - Supermercados;2;Supermercados;Analisando todas as respostas, observa-se que as imagens consistentemente mostram características e produtos típicos de supermercados, tais como prateleiras com alimentos, itens de mercearia e produtos embalados. Isso indica que a atividade predominante é o comércio varejista de mercadorias em geral, com foco em produtos alimentícios – supermercados.;False
https://www.youtube.com/watch?v=KNdec9yoU6U;28173534000139;47-11-3-01;3;gpt-4o;16;A;3;26512;54,71662092;54,71684432;47.11-3-02;47;Comércio varejista;11;Hipermercados e supermercados;3;Hipermercados e supermercados;2;Supermercados;A análise dos diferentes segmentos do vídeo indica consistentemente características de um supermercado, como prateleiras e gôndolas com variedade de produtos alimentícios e não alimentícios, organização típica de supermercados, caixas registradoras e sinalizações de produtos. Essas características são predominantes em todos os trechos, indicando que o estabelecimento se classifica corretamente como um supermercado.;False
https://www.youtube.com/watch?v=KNdec9yoU6U;28173534000139;47-11-3-01;1;gpt-4o;16;B;3;73404;50,93451381;50,93476152;47.11-3-01;47;Comércio varejista;11;Comércio varejista de mercadorias em geral, com predominância de produtos alimentícios;3;Hipermercados e supermercados;1;Comércio varejista de mercadorias em geral, com predominância de produtos alimentícios – supermercados;As imagens mostram corredores de supermercado com prateleiras repletas de produtos alimentícios e de limpeza, sinalização típica de seções como 'bebidas', decoração de promoções e presença de caixas registradoras, indicando ser um ambiente de compra em supermercado.;True
https://www.youtube.com/watch?v=KNdec9yoU6U;28173534000139;47-11-3-01;2;gpt-4o;16;B;3;73852;53,41861176;53,41893458;47.11-3-01;47;Comércio varejista;11;Comércio varejista de mercadorias em geral;3;Comércio varejista de produtos alimentícios;1;Comércio varejista de mercadorias em geral, com predominância de produtos alimentícios - supermercados;As imagens apresentam características típicas de um supermercado, como prateleiras com produtos alimentícios, bebidas e itens de limpeza, sinalizações de diferentes seções e presença de caixas registradoras, indicando um ambiente de autosserviço. A decoração e organização reforçam o contexto de um supermercado.;True
https://www.youtube.com/watch?v=KNdec9yoU6U;28173534000139;47-11-3-01;3;gpt-4o;16;B;3;73832;62,19019699;62,1904099;47.11-3-01;47;Comércio varejista;11;Comércio varejista em supermercados e hipermercados;3;Comércio varejista em supermercados e hipermercados;1;Comércio varejista de mercadorias em geral, com predominância de produtos alimentícios - supermercados;As imagens mostram um ambiente interno com prateleiras organizadas repletas de produtos alimentícios e não alimentícios, típicos de supermercado. Signage de seções como 'Bebidas', presença de áreas de checkout com caixas registradoras, e funcionários com uniformes reforçam a identificação como supermercado. Esses elementos visuais são característicos do comércio varejista de produtos alimentícios.;True
https://www.youtube.com/watch?v=KNdec9yoU6U;28173534000139;47-11-3-01;1;gpt-4o;16;B;3;26304;52,08353329;52,08371186;47.11-3-01;47;Comércio varejista;11;Comércio varejista de mercadorias em geral, com predominância de produtos alimentícios;3;Comércio varejista de mercadorias em geral, com predominância de produtos alimentícios - hipermercados e supermercados;1;Comércio varejista de mercadorias em geral, com predominância de produtos alimentícios - hipermercados e supermercados;A presença de prateleiras organizadas com alimentos e bebidas, sinalização de áreas típicas de supermercados, como 'Salgadinhos' e 'Bebidas', e a estrutura com caixas registradoras indicam que a atividade predominante é a de um supermercado.;False
https://www.youtube.com/watch?v=KNdec9yoU6U;28173534000139;47-11-3-01;2;gpt-4o;16;B;3;26485;49,55747414;49,55765772;47.11-3-01;47;Comércio Varejista;11;Comércio varejista de mercadorias em geral, com predominância de produtos alimentícios;3;Hipermercados e supermercados;1;Comércio varejista de mercadorias em geral, com predominância de produtos alimentícios - hipermercados e supermercados;As imagens mostram um supermercado com prateleiras cheias de alimentos e bebidas, sinalização de seções como bebidas e caixas registradoras, típicos de um ambiente de varejo alimentício.;False
https://www.youtube.com/watch?v=KNdec9yoU6U;28173534000139;47-11-3-01;3;gpt-4o;16;B;3;26295;41,72814584;41,72830677;47.11-3-01;47;Comércio varejista;11;Comércio varejista de mercadorias em geral, com predominância de produtos alimentícios;3;Supermercados;1;Comércio varejista de mercadorias em geral, com predominância de produtos alimentícios - supermercados;As imagens mostram um supermercado com seções bem organizadas de alimentos, bebidas e produtos de limpeza. As características como corredores largos e prateleiras abastecidas indicam que o estabelecimento é predominantemente dedicado ao comércio de produtos alimentícios.;False
https://www.youtube.com/watch?v=KNdec9yoU6U;28173534000139;47-11-3-01;1;o1;16;A;3;223690;279,4251397;279,4254887;47.11-3-02;47;Comércio varejista;11;Comércio varejista de mercadorias em geral, com predominância de produtos alimentícios;3;Hipermercados e supermercados;2;Comércio varejista de mercadorias em geral, com predominância de produtos alimentícios – supermercados;As imagens de todos os trechos mostram gôndolas e prateleiras repletas de gêneros alimentícios, bebidas e itens de limpeza, além de funcionários e caixas de pagamento, evidenciando tratar-se de um ambiente de supermercado com predominância de produtos alimentícios.;True
https://www.youtube.com/watch?v=KNdec9yoU6U;28173534000139;47-11-3-01;2;o1;16;A;3;227969;289,2616303;289,262018;47.11-3-02;47;Comércio varejista, exceto de veículos automotores e motocicletas;47,11;Comércio varejista de mercadorias em geral, com predominância de produtos alimentícios;47.11-3;Comércio varejista de mercadorias em geral, com predominância de produtos alimentícios;47.11-3-02;Comércio varejista de mercadorias em geral, com predominância de produtos alimentícios – supermercados;A análise integral dos segmentos do vídeo indica uma predominância de prateleiras com alimentos e produtos de limpeza típica de supermercados, confirmando 47.11-3-02 como a atividade principal.;True
https://www.youtube.com/watch?v=KNdec9yoU6U;28173534000139;47-11-3-01;3;o1;16;A;3;223494;237,7553258;237,7556689;47.11-3-02;47;Comércio varejista;11;Comércio varejista de mercadorias em geral, com predominância de produtos alimentícios;3;Comércio varejista de mercadorias em geral, com predominância de produtos alimentícios;2;Comércio varejista de mercadorias em geral, com predominância de produtos alimentícios - supermercados;Observando todos os trechos do vídeo, identificam-se prateleiras repletas de alimentos, bebidas e produtos de limpeza, todos típicos de um supermercado de grande porte, confirmando tratar-se de um comércio varejista de mercadorias em geral com predominância de produtos alimentícios.;True
https://www.youtube.com/watch?v=KNdec9yoU6U;28173534000139;47-11-3-01;1;o1;16;A;3;38079;237,8983898;237,8985572;47.11-3-01;47;Comércio varejista;11;Comércio varejista de mercadorias em geral, com predominância de produtos alimentícios – hipermercados e supermercados;3;Comércio varejista de mercadorias em geral, com predominância de produtos alimentícios;1;Supermercados;Todas as cenas apontam para a atividade de supermercado, com ampla variedade de itens alimentícios, higienização e caixas, refletindo a predominância dessa atividade.;False
https://www.youtube.com/watch?v=KNdec9yoU6U;28173534000139;47-11-3-01;2;o1;16;A;3;38198;309,7326291;309,7328103;47.11-3-02;47;Comércio varejista;47,1;Comércio varejista de mercadorias em geral;47.11-3;Comércio varejista de mercadorias em geral, com predominância de produtos alimentícios - hipermercados e supermercados;47.11-3-02;Supermercados;Com base em todos os segmentos do vídeo, observa-se a predominância de atividades típicas de supermercados, com venda de gêneros alimentícios, produtos de limpeza e higiene, prateleiras de produtos diversos, caracterizando a atividade principal como supermercados.;False
https://www.youtube.com/watch?v=KNdec9yoU6U;28173534000139;47-11-3-01;3;o1;16;A;3;36795;288,7511153;288,7512918;47.11-3-02;47;Comércio varejista;47,1;Comércio varejista não especializado;47.11-3;Comércio varejista em hipermercados e supermercados;47.11-3-02;Supermercados;Ao analisar todos os trechos e seus conteúdos, constatou-se a predominância de atividades típicas de supermercado, como prateleiras de alimentos, produtos de limpeza e higiene em autosserviço (CNAE 47.11-3-02).;False
https://www.youtube.com/watch?v=KNdec9yoU6U;28173534000139;47-11-3-01;1;o1;16;B;3;85660;257,4675698;257,4678826;47.11-3-02;47;Comércio varejista;11;Comércio varejista de mercadorias em geral, com predominância de produtos alimentícios;3;Comércio varejista de mercadorias em geral, com predominância de produtos alimentícios;2;Supermercados;Ambiente amplo com várias gôndolas de alimentos, limpeza e higiene, caixas múltiplos e setorização típica de supermercado.;True
https://www.youtube.com/watch?v=KNdec9yoU6U;28173534000139;47-11-3-01;2;o1;16;B;3;88870;370,3646023;370,3649316;47.11-3-02;47;Comércio varejista;11;Comércio varejista de mercadorias em geral;3;Comércio a varejo de mercadorias em geral, com predominância de produtos alimentícios;2;Comércio varejista de mercadorias em geral, com predominância de produtos alimentícios – supermercados;Observa-se a venda de grande variedade de alimentos e itens de limpeza em corredor amplo e autosserviço, típico de supermercados;True
https://www.youtube.com/watch?v=KNdec9yoU6U;28173534000139;47-11-3-01;3;o1;16;B;3;86442;241,9982977;241,9986243;47.11-3-02;47;Comércio varejista;11;Comércio varejista de mercadorias em geral;3;Comércio varejista de mercadorias em geral, com predominância de produtos alimentícios;2;Comércio varejista de mercadorias em geral, com predominância de produtos alimentícios – supermercados;Ambiente amplo com prateleiras de alimentos, produtos de higiene e vários caixas, típico de supermercado.;True
https://www.youtube.com/watch?v=KNdec9yoU6U;28173534000139;47-11-3-01;1;o1;16;B;3;41593;249,5057824;249,5060246;47.11-3-01;47;Comércio varejista;471;Comércio varejista de mercadorias em geral;4711;Comércio varejista de mercadorias em geral, com predominância de produtos alimentícios;01/03/4711;Comércio varejista de mercadorias em geral, com predominância de produtos alimentícios – supermercados;As imagens mostram autosserviço com ampla oferta de produtos alimentícios, higiene e limpeza, layout e sinalização típicos de supermercados.;False
https://www.youtube.com/watch?v=KNdec9yoU6U;28173534000139;47-11-3-01;2;o1;16;B;3;39568;217,5015416;217,5017865;47.11-3-02;47;Comércio varejista;47,1;Comércio varejista não especializado com predominância de produtos alimentícios;47.11-3;Comércio varejista de mercadorias em geral, com predominância de produtos alimentícios – hipermercados e supermercados;2;Comércio varejista em supermercados;As imagens mostram gôndolas repletas de itens de alimentação, higiene, limpeza, vários caixas e farta oferta de produtos típicos de supermercado.;False
https://www.youtube.com/watch?v=KNdec9yoU6U;28173534000139;47-11-3-01;3;o1;16;B;3;39801;291,5169029;291,5171511;47.11-3-01;47;Comércio varejista;11;Comércio varejista não especializado;3;Comércio varejista de mercadorias em geral, com predominância de produtos alimentícios;1;Comércio varejista de mercadorias em geral, com predominância de produtos alimentícios - supermercados;As imagens mostram gôndolas com gêneros alimentícios, produtos de limpeza, caixas múltiplos e layout de supermercado de médio/grande porte em sistema de autosserviço.;False
https://www.youtube.com/watch?v=ttDcnljSQBc;33334000000187;45.20-0-01;1;gpt-4o-mini;16;A;3;214896;66,19356275;66,19387031;45.20-0-01;45;Comércio e reparação de veículos automotores e motocicletas;20;Manutenção e reparação de veículos automotores;0;Serviços de manutenção e reparação mecânica de veículos automotores;1;Serviços de manutenção e reparação mecânica de veículos automotores;As imagens apresentadas em diferentes segmentos do vídeo mostram um ambiente de oficina mecânica com veículos automotores em processo de manutenção, evidenciando predominantemente as atividades de serviços de manutenção e reparação mecânica. O foco está na manutenção e reparação de veículos, utilizando ferramentas apropriadas e observando o trabalho em diversas partes dos veículos.;True
https://www.youtube.com/watch?v=ttDcnljSQBc;33334000000187;45.20-0-01;2;gpt-4o-mini;16;A;3;215000;63,94093871;63,94125915;45.20-0-01;45;Comércio e reparação de veículos automotores e motocicletas;20;Manutenção e reparação de veículos automotores;0;Manutenção e reparação de automóveis;1;Serviços de manutenção e reparação mecânica de veículos automotores;As imagens mostram um ambiente de oficina mecânica com múltiplos carros sendo atendidos e ferramentas de manutenção, caracterizando predominantemente serviços de manutenção e reparação mecânica de veículos automotores.;True
https://www.youtube.com/watch?v=ttDcnljSQBc;33334000000187;45.20-0-01;3;gpt-4o-mini;16;A;3;215004;64,93015337;64,93046045;45.20-0-01;45;Comércio e reparação de veículos automotores e motocicletas;20;Manutenção e reparação de veículos automotores;0;Serviços de manutenção e reparação mecânica de veículos automotores;1;Serviços de manutenção e reparação mecânica de veículos automotores;As imagens ao longo dos segmentos do vídeo mostram atividades constantes de manutenção e reparação mecânica de veículos automotores. Há evidências visuais de oficinas, ferramentas, e veículos sendo reparados, consolidando o CNAE predominante relacionado aos serviços de manutenção mecânica.;True
https://www.youtube.com/watch?v=ttDcnljSQBc;33334000000187;45.20-0-01;1;gpt-4o-mini;16;A;3;26723;50,87365127;50,87383389;95.11-1-00;95;Atividades de reparação e manutenção;11;Manutenção e reparação de veículos automotores;1;Manutenção e reparação de veículos automotores;0;Manutenção e reparação de veículos automotores;As imagens abrangem diferentes aspectos da manutenção e reparação de veículos, mostrando ambientes de trabalho com carros em oficinas e ferramentas específicas, confirmando a predominância de atividades relacionadas a serviços de manutenção automotiva.;False
https://www.youtube.com/watch?v=ttDcnljSQBc;33334000000187;45.20-0-01;2;gpt-4o-mini;16;A;3;26771;49,09484267;49,09501576;95.21-1-00;95;Atividades de serviços de reparação e manutenção;21;Reparação e manutenção de veículos automotores;1;Reparação e manutenção de veículos automotores, exceto motocicletas;0;Reparação e manutenção de veículos automotores;As imagens analisadas mostram ambientes de oficinas mecânicas onde veículos estão sendo reparados e mantidos, com a presença de ferramentas e equipamentos típicos do setor. A atividade principal identificada se alinha à reparação e manutenção de veículos automotores, predominando a classificação CNAE 95.21-1-00 ao contextualizar o serviço focado nesse segmento.;False
https://www.youtube.com/watch?v=ttDcnljSQBc;33334000000187;45.20-0-01;3;gpt-4o-mini;16;A;3;26772;59,07977748;59,07996392;95.11-0-01;95;Atividades de reparação e manutenção;11;Reparação e manutenção de veículos automotores;0;Reparação e manutenção de veículos automotores;1;Reparação e manutenção de automóveis, caminhões e motocicletas;As imagens e atividades apresentadas ao longo dos segmentos do vídeo são predominantemente focadas na reparação e manutenção de veículos automotores, incluindo carros esportivos e de luxo. Os elementos visuais, como ferramentas de oficina e veículos em manutenção, reforçam essa principal atividade.;False
https://www.youtube.com/watch?v=ttDcnljSQBc;33334000000187;45.20-0-01;1;gpt-4o-mini;16;B;3;74746;75,49426508;75,49450874;95.12-0/01;95;Atividades de reparação e manutenção;12;Manutenção e reparação de veículos automotores;0;Manutenção e reparação de veículos automotores;1;Serviços de manutenção e reparação de veículos automotores;A análise das imagens revela a presença de ferramentas de reparação, veículos sendo elevados para manutenção, e uso de tecnologia para diagnóstico. O ambiente é claramente uma oficina especializada no atendimento de carros, especialmente de alto desempenho.;True
https://www.youtube.com/watch?v=ttDcnljSQBc;33334000000187;45.20-0-01;2;gpt-4o-mini;16;B;3;74718;66,7835989;66,78390694;95.11-3-00;95;Manutenção e reparação de veículos automotores;11;Manutenção e reparação de veículos automotores;3;Manutenção e reparação de veículos automotores;0;Manutenção e reparação de veículos automotores;As imagens mostram ferramentas, veículos em manutenção, um ambiente de oficina e o uso de tecnologia para diagnóstico, indicando uma especializada em serviços de manutenção e reparação automotiva.;True
https://www.youtube.com/watch?v=ttDcnljSQBc;33334000000187;45.20-0-01;3;gpt-4o-mini;16;B;3;74637;65,23974228;65,24004173;95.11-3/00;95;Atividades de reparação e manutenção;11;Manutenção e reparação de veículos automotores;3;Manutenção e reparação de veículos automotores;0;Manutenção e reparação de veículos automotores;As imagens mostram um ambiente claramente voltado para a manutenção e personalização de veículos automotores de alto desempenho. O uso de ferramentas, a presença de carros esportivos na oficina, e a infraestrutura adequada indicam um foco em serviços especializados de manutenção.;True
https://www.youtube.com/watch?v=ttDcnljSQBc;33334000000187;45.20-0-01;1;gpt-4o-mini;16;B;3;28007;74,88954759;74,88978076;95.21-5-00;95;Manutenção e reparação de veículos automotores;21;Manutenção e reparação de automóveis, veículos leves e caminhonetes;5;Manutenção e reparação de veículos automotores;0;Manutenção e reparação de automóveis, veículos leves e caminhonetes;As imagens mostram um ambiente de oficina especializado em manutenção e reparação de veículos de alto desempenho, como Ferrari e Lamborghini, implicando serviços mecânicos avançados e personalizados.;False
https://www.youtube.com/watch?v=ttDcnljSQBc;33334000000187;45.20-0-01;2;gpt-4o-mini;16;B;3;27752;52,29684782;52,29702282;95.11-3/01;95;Manutenção e reparação de veículos automotores;11;Manutenção e reparação de veículos automotores;3;Reparação e manutenção de veículos automotores;1;Manutenção e reparação de veículos automotores;As imagens mostram um ambiente de oficina mecânica com veículos elevados, ferramentas específicas para manutenção, e equipamentos para diagnósticos avançados, indicando serviços de reparo e customização de automóveis, especialmente de alto desempenho.;False
https://www.youtube.com/watch?v=ttDcnljSQBc;33334000000187;45.20-0-01;3;gpt-4o-mini;16;B;3;27904;80,49060655;80,49077225;95.21-5-00;95;Manutenção e reparação de veículos e motocicletas;21;Manutenção e reparação de veículos automotores;5;Manutenção e reparação de veículos automotores;0;Manutenção e reparação de veículos automotores;As imagens mostram um ambiente de oficina mecânica especializado, com ferramentas para manutenção, veículos de alto desempenho elevados, e equipamentos para diagnóstico, evidenciando a atividade focada na manutenção e reparação de veículos.;False
https://www.youtube.com/watch?v=ttDcnljSQBc;33334000000187;45.20-0-01;1;gpt-4o;16;A;3;214407;56,27386355;56,27418828;45.20-0-01;45;Comércio e reparação de veículos automotores e motocicletas;20;Manutenção e reparação de veículos automotores;0;Serviços de manutenção e reparação de veículos automotores;1;Serviços de manutenção e reparação mecânica de veículos automotores;Em todos os segmentos analisados, as imagens mostram um ambiente típico de uma oficina de manutenção e reparação de veículos automotores, com a presença de elevadores, ferramentas automotivas, veículos em serviço e componentes de motores. Isto indica claramente que a atividade predominante é a manutenção e reparação de veículos automotores.;True
https://www.youtube.com/watch?v=ttDcnljSQBc;33334000000187;45.20-0-01;2;gpt-4o;16;A;3;214478;48,03675127;48,03704596;45.20-0-01;45;Comércio e reparação de veículos automotores e motocicletas;20;Manutenção e reparação de veículos automotores;0;Manutenção e reparação de veículos automotores;1;Serviços de manutenção e reparação mecânica de veículos automotores;A análise consolidada dos trechos do vídeo indica um local de oficina mecânica com a presença de veículos em elevadores, ferramentas e equipamentos de diagnóstico. Todos os segmentos destacam atividades de manutenção e reparação de veículos automotores, sugerindo fortemente que o ambiente é dedicado a serviços de reparação mecânica. Assim, o CNAE representativo de todas as observações é 45.20-0-01.;True
https://www.youtube.com/watch?v=ttDcnljSQBc;33334000000187;45.20-0-01;3;gpt-4o;16;A;3;214416;53,55770588;53,55802774;45.20-0-01;45;Comércio e reparação de veículos automotores e motocicletas;20;Manutenção e reparação de veículos automotores;0;Manutenção e reparação de veículos automotores;1;Serviços de manutenção e reparação mecânica de veículos automotores;A análise dos segmentos do vídeo revela de forma consistente que o estabelecimento, identificado como 'euroTUNE', é especializado em manutenção e reparação mecânica de veículos automotores. Ao longo dos segmentos, são observadas diversas atividades típicas desse ramo, como a presença de carros (incluindo carros de luxo), o uso de plataformas para levantamento de veículos, e a utilização de ferramentas e motores em manutenção. Tais elementos indicam que as principais atividades realizadas no local são a manutenção e reparação de veículos automotores.;True
https://www.youtube.com/watch?v=ttDcnljSQBc;33334000000187;45.20-0-01;1;gpt-4o;16;A;3;26733;45,42712522;45,42728806;45.20-0-01;45;Comércio e reparação de veículos automotores e motocicletas;20;Manutenção e reparação de veículos automotores;0;Serviços de manutenção e reparação mecânica de veículos automotores;1;Serviços de manutenção e reparação mecânica de veículos automotores;As imagens dos diferentes segmentos do vídeo, em sua totalidade, indicam que o estabelecimento é especializado em serviços de manutenção e reparação mecânica de veículos automotores. Isso é confirmado pela presença de carros, incluindo veículos esportivos de luxo, em procedimentos de manutenção, com o ambiente equipado com elevadores automotivos e ferramentas especializadas.;False
https://www.youtube.com/watch?v=ttDcnljSQBc;33334000000187;45.20-0-01;2;gpt-4o;16;A;3;26303;44,17101932;44,17118311;45.20-0-01;45;Comércio e reparação de veículos automotores e motocicletas;20;Manutenção e reparação de veículos automotores;0;Manutenção e reparação de veículos automotores;1;Serviços de manutenção e reparação mecânica de veículos automotores;A análise de todos os segmentos do vídeo indica a predominância de serviços de manutenção e reparação mecânica de veículos automotores. As imagens consistentes de oficinas com carros em manutenção, utilização de equipamentos específicos, ferramentas de reparo e elevadores de veículos confirmam a atividade de reparação automotiva.;False
https://www.youtube.com/watch?v=ttDcnljSQBc;33334000000187;45.20-0-01;3;gpt-4o;16;A;3;26769;42,81968093;42,81985378;45.20-0-01;45;Comércio e reparação de veículos automotores e motocicletas;20;Manutenção e reparação de veículos automotores;0;Manutenção e reparação de veículos automotores;1;Serviços de manutenção e reparação mecânica de veículos automotores;A compilação das respostas dos diferentes segmentos do vídeo indica que se trata de uma oficina especializada na manutenção e reparação de veículos automotores. A presença de carros esportivos, ferramentas de mecânica, elevadores automotivos, computadores com softwares de diagnóstico e motores desmontados reforça essa atividade. O ambiente é adequado para reparações mecânicas de veículos, sendo essa a atividade predominante observada.;False
https://www.youtube.com/watch?v=ttDcnljSQBc;33334000000187;45.20-0-01;1;gpt-4o;16;B;3;73348;65,30000067;65,30028296;45.20-0-01;45;Comércio e reparação de veículos automotores e motocicletas;20;Manutenção e reparação de veículos automotores;0;Manutenção e reparação de veículos automotores;1;Serviços de manutenção e reparação mecânica de veículos automotores;As imagens mostram uma oficina equipada com elevadores automotivos, carros esportivos de luxo como BMW e Lamborghini, e um ambiente organizado de oficina, indicando um foco em manutenção e reparação mecânica de veículos automotores.;True
https://www.youtube.com/watch?v=ttDcnljSQBc;33334000000187;45.20-0-01;2;gpt-4o;16;B;3;74079;157,2290106;157,2292423;45.20-0-01;45;Comércio e reparação de veículos automotores e motocicletas;20;Manutenção e reparação de veículos automotores;0;Manutenção e reparação de veículos automotores;1;Serviços de manutenção e reparação mecânica de veículos automotores;As imagens mostram uma oficina limpa e organizada com carros de luxo, elevadores para manutenção e tecnologia de diagnóstico, indicando um foco em reparação mecânica de veículos de alto padrão.;True
https://www.youtube.com/watch?v=ttDcnljSQBc;33334000000187;45.20-0-01;3;gpt-4o;16;B;3;73903;85,54097462;85,54120636;45.20-0-01;45;Comércio e reparação de veículos automotores e motocicletas;20;Manutenção e reparação de veículos automotores;0;Manutenção e reparação de veículos automotores;1;Serviços de manutenção e reparação mecânica de veículos automotores;As imagens mostram uma oficina automotiva especializada em veículos de luxo com elevadores para carros e equipamentos de diagnóstico eletrônico, indicando que a atividade principal é a manutenção e reparação mecânica de veículos automotores.;True
https://www.youtube.com/watch?v=ttDcnljSQBc;33334000000187;45.20-0-01;1;gpt-4o;16;B;3;26799;46,15987563;46,16007638;45.20-0-01;45;Comércio e reparação de veículos automotores e motocicletas;20;Manutenção e reparação de veículos automotores;0;Manutenção e reparação de veículos automotores;1;Serviços de manutenção e reparação mecânica de veículos automotores;O espaço apresenta instalações típicas de uma oficina mecânica com elevadores e equipamento de diagnóstico, focando na manutenção e customização de veículos de luxo, alinhado com o CNAE indicado.;False
https://www.youtube.com/watch?v=ttDcnljSQBc;33334000000187;45.20-0-01;2;gpt-4o;16;B;3;27072;46,91871905;46,91888952;45.20-0-01;45;Comércio e reparação de veículos automotores e motocicletas;20;Manutenção e reparação de veículos automotores;0;Manutenção e reparação de veículos automotores;1;Serviços de manutenção e reparação mecânica de veículos automotores;O estabelecimento possui características de oficina mecânica com equipamentos de levantamento de veículos, ferramentas e elementos de manutenção e diagnóstico de veículos de luxo e esportivos.;False
https://www.youtube.com/watch?v=ttDcnljSQBc;33334000000187;45.20-0-01;3;gpt-4o;16;B;3;27211;50,08342385;50,08359838;45.20-0-01;45;Comércio e reparação de veículos automotores e motocicletas;20;Manutenção e reparação de veículos automotores;0;Manutenção e reparação de veículos automotores;1;Serviços de manutenção e reparação mecânica de veículos automotores;As imagens mostram um ambiente de oficina com carros esportivos em manutenção, elevadores hidráulicos e ferramentas organizadas, indicando serviços de manutenção e reparação de veículos automotores.;False
https://www.youtube.com/watch?v=ttDcnljSQBc;33334000000187;45.20-0-01;1;o1;16;A;3;225225;325,5769942;325,5773783;45.20-0-01;45;Comércio e reparação de veículos automotores e motocicletas;20;Manutenção e reparação de veículos automotores;0;Manutenção e reparação de veículos automotores;1;Serviços de manutenção e reparação mecânica de veículos automotores;As imagens e contextos mostram uma oficina realizando manutenção e reparos mecânicos em carros de alto desempenho, com uso de elevadores e ferramentas especializadas, evidenciando atividade principal de manutenção e reparação mecânica de veículos automotores.;True
https://www.youtube.com/watch?v=ttDcnljSQBc;33334000000187;45.20-0-01;2;o1;16;A;3;223359;267,3271852;267,3275387;45.20-0-01;45;Comércio e reparação de veículos automotores e motocicletas;452;Manutenção e reparação de veículos automotores;4520-0;Manutenção e reparação de veículos automotores;4520-0/01;Serviços de manutenção e reparação mecânica de veículos automotores;O vídeo mostra um ambiente típico de oficina mecânica, com diversos veículos em manutenção, incluindo modelos de luxo, uso de elevadores e equipamentos de diagnóstico eletrônico, caracterizando serviços de manutenção e reparação automotiva.;True
https://www.youtube.com/watch?v=ttDcnljSQBc;33334000000187;45.20-0-01;3;o1;16;A;3;226017;326,531183;326,5315809;45.20-0-01;45;Comércio e reparação de veículos automotores e motocicletas;45,2;Manutenção e reparação de veículos automotores;45.20-0;Manutenção e reparação de veículos automotores;45.20-0-01;Serviços de manutenção e reparação mecânica de veículos automotores;As imagens de todos os segmentos mostram uma oficina especializada em reparação mecânica e upgrades em veículos de alto padrão, com elevadores e motores expostos, oficina equipada e mecânicos realizando diagnósticos e reparos, caracterizando manutenção e reparação mecânica de veículos automotores.;True
https://www.youtube.com/watch?v=ttDcnljSQBc;33334000000187;45.20-0-01;1;o1;16;A;3;35173;250,5892375;250,5894115;45.20-0-01;45;Comércio e reparação de veículos automotores e motocicletas;45,2;Manutenção e reparação de veículos automotores;45.20-0;Manutenção e reparação de veículos automotores;45.20-0-01;Serviços de manutenção e reparação mecânica de veículos automotores;Os trechos do vídeo retratam uma oficina mecânica especializada na manutenção e reparação de veículos automotores, com observação de diagnósticos, reparos em carros de alto desempenho, uso de ferramentas específicas e veículos em elevadores. A atividade predominante identificada é a prestação de serviços de manutenção e reparação mecânica de veículos automotores.;False
https://www.youtube.com/watch?v=ttDcnljSQBc;33334000000187;45.20-0-01;2;o1;16;A;3;34525;199,3515832;199,3517501;45.20-0-01;45;Comércio e reparação de veículos automotores e motocicletas;45,2;Manutenção e reparação de veículos automotores;45.20-0;Manutenção e reparação de veículos automotores;45.20-0-01;Serviços de manutenção e reparação mecânica de veículos automotores;As imagens mostram oficina mecânica especializada em reparação e preparação de veículos de luxo e alto desempenho. Observam-se consertos mecânicos, veículos em elevador e motor desmontado, reforçando a atividade predominante de manutenção e reparação mecânica de veículos automotores.;False
https://www.youtube.com/watch?v=ttDcnljSQBc;33334000000187;45.20-0-01;3;o1;16;A;3;37506;241,1325989;241,1327658;45.20-0-01;45;Comércio e reparação de veículos automotores e motocicletas;45,2;Manutenção e reparação de veículos automotores;45.20-0;Manutenção e reparação de veículos automotores;45.20-0-01;Serviços de manutenção e reparação mecânica de veículos automotores;As imagens mostram oficina especializada em reparos e ajustes mecânicos de veículos (incluindo de luxo), com elevadores, ferramentas e diagnósticos eletrônicos, indicando manutenção e reparação mecânica de veículos automotores de forma geral.;False
https://www.youtube.com/watch?v=ttDcnljSQBc;33334000000187;45.20-0-01;1;o1;16;B;3;86069;247,9026854;247,9030473;45.20-0-01;45;"Comércio; reparação de veículos automotores e motocicletas";20;Manutenção e reparação de veículos automotores;0;Manutenção e reparação de veículos automotores;1;Serviços de manutenção e reparação mecânica de veículos automotores;As imagens mostram instalação com elevadores para carros de luxo, ferramentas de oficina e reparos em motores, caracterizando serviço de manutenção e reparação mecânica de automóveis.;True
https://www.youtube.com/watch?v=ttDcnljSQBc;33334000000187;45.20-0-01;2;o1;16;B;3;86021;291,2707183;291,2710392;45.20-0-01;45;Comércio e reparação de veículos automotores e motocicletas;45,2;Manutenção e reparação de veículos automotores;45.20-0;Manutenção e reparação de veículos automotores;45.20-0-01;Serviços de manutenção e reparação mecânica de veículos automotores;As imagens mostram oficina com elevadores, ferramentas específicas e veículos em reparos, confirmando manutenção e reparação de autos.;True
https://www.youtube.com/watch?v=ttDcnljSQBc;33334000000187;45.20-0-01;3;o1;16;B;3;86363;417,882406;417,882714;45.20-0-01;45;Comércio e reparação de veículos automotores e motocicletas;20;Manutenção e reparação de veículos automotores;0;Manutenção e reparação de veículos automotores;1;Serviços de manutenção e reparação mecânica de veículos automotores;Elevadores automotivos, carros esportivos sendo reparados, oficina aparelhada e atividades de manutenção mecânica apontam para 45.20-0-01.;True
https://www.youtube.com/watch?v=ttDcnljSQBc;33334000000187;45.20-0-01;1;o1;16;B;3;36270;189,1959291;189,1961155;45.20-0-01;45;Comércio e reparação de veículos automotores e motocicletas;20;Manutenção e reparação de veículos automotores;0;Manutenção e reparação de veículos automotores;1;Serviços de manutenção e reparação mecânica de veículos automotores;O local possui elevadores automotivos, ferramentas de oficina e realiza reparos em carros de alto desempenho;False
https://www.youtube.com/watch?v=ttDcnljSQBc;33334000000187;45.20-0-01;2;o1;16;B;3;37344;225,4824197;225,4826219;45.20-0-01;45;Comércio e reparação de veículos automotores e motocicletas;20;Manutenção e reparação de veículos automotores;0;Manutenção e reparação de veículos automotores;1;Serviços de manutenção e reparação mecânica de veículos automotores;Elevadores, motores desmontados e ferramentas específicas evidenciam reparação mecânica de veículos;False
https://www.youtube.com/watch?v=ttDcnljSQBc;33334000000187;45.20-0-01;3;o1;16;B;3;38642;278,2564423;278,2566729;45.20-0-01;45;"Comércio; reparação de veículos automotores e motocicletas";45,2;Manutenção e reparação de veículos automotores;45.20-0;Manutenção e reparação de veículos automotores;45.20-0-01;Serviços de manutenção e reparação mecânica de veículos automotores;As imagens mostram oficina com elevadores, ferramentas e veículos em manutenção mecânica e customização.;False
https://www.youtube.com/watch?v=ELslEzeym5g;08115302000117;47.89-0-06;1;gpt-4o-mini;16;A;3;214944;86,95491123;86,95522618;32.99-1-01;32;Indústrias de outros produtos minerais não metálicos;32;Indústrias de outras substâncias minerais;99;Fabricação de artigos de uso pessoal e doméstico, não especificados anteriormente;1;Fabricação de fogos de artifício;As imagens e descrições coletadas mostram um estabelecimento especializado na venda de produtos pirotécnicos, principalmente fogos de artifício. Essa atividade é predominantemente classificada como fabricação desses produtos, que é essencialmente uma indústria relacionada a itens de uso pessoal e doméstico. A ênfase nas imagens e na atividade principal observada direciona a classificação para a fabricação de fogos de artifício.;True
https://www.youtube.com/watch?v=ELslEzeym5g;08115302000117;47.89-0-06;2;gpt-4o-mini;16;A;3;215235;96,92132378;96,92166328;32.99-1-01;32;Indústria de produtos variados;99;Fabricação de outros produtos de minerais não metálicos;1;Fabricação de fogos de artifício;1;Fabricação de artigos pirotécnicos;As imagens mostram predominantemente um comércio e fabricação de fogos de artifício, sendo essa a atividade mais representativa nos segmentos analisados. Embora algumas respostas mencionem outras atividades relacionadas, a fabricação de artigos pirotécnicos é a mais relevante neste contexto.;True
https://www.youtube.com/watch?v=ELslEzeym5g;08115302000117;47.89-0-06;3;gpt-4o-mini;16;A;3;214930;59,29174209;59,29204369;32.99-1-02;32;Atividades de fabricação de objetos de arte;99;Outras indústrias de transformação;1;Fabricação de produtos não especificados, exceto medicamentos, produtos gráficos e produtos químicos;2;Fabricação de artigos de festa e fogos de artifício;A análise das imagens e atividades descritas indica uma predominância na fabricação e venda de fogos de artifício, com evidências claras de produtos pirotécnicos, o que corresponde diretamente ao CNAE 32.99-1-02.;True
https://www.youtube.com/watch?v=ELslEzeym5g;08115302000117;47.89-0-06;1;gpt-4o-mini;16;A;3;26853;45,52197409;45,52215505;47.89-0-01;47;Comércio varejista;89;Comércio varejista de outros produtos não especificados anteriormente;0;Comércio varejista de artigos de festa e artigos pirotécnicos;1;Comércio varejista de fogos de artifício;As imagens e informações coletadas dos segmentos do vídeo mostram predominantemente um ambiente de loja especializado na venda de fogos de artifício e artigos relacionados a festas. A atividade de comércio varejista de fogos de artifício é a mais representativa entre as análises, evidenciada pela variedade de produtos disponíveis e o foco na celebração.;False
https://www.youtube.com/watch?v=ELslEzeym5g;08115302000117;47.89-0-06;2;gpt-4o-mini;16;A;3;26632;52,03505206;52,03522849;47.89-0-01;47;Comércio varejista;89;Outros comércio varejista;0;Comércio varejista de outros produtos não especificados anteriormente;1;Comércio varejista de artigos pirotécnicos;As imagens mostram um ambiente comercial especializado na venda de fogos de artifício, conforme evidenciado pelos produtos expostos e pela sinalização visível. Embora algumas imagens estejam relacionadas à fabricação, a predominância da comercialização de artigos pirotécnicos é clara.;False
https://www.youtube.com/watch?v=ELslEzeym5g;08115302000117;47.89-0-06;3;gpt-4o-mini;16;A;3;26847;49,68457198;49,68474841;47.89-0-02;47;Comércio varejista;89;Comércio varejista de outros produtos;0;Comércio varejista de produtos diversos;2;Comércio varejista de fogos de artifício;As imagens e descrições dos segmentos mostram um ambiente dedicado à venda de fogos de artifício, caracterizando principalmente a atividade como comércio varejista de fogos de artifício. Apesar de haver referências à fabricação, a predominância das imagens e a descrição do comércio especializado indicam que o CNAE predominante é o comércio varejista.;False
https://www.youtube.com/watch?v=ELslEzeym5g;08115302000117;47.89-0-06;1;gpt-4o-mini;16;B;3;73684;66,36129951;66,36152077;47.89-0-01;47;Comércio varejista;89;Comércio varejista de produtos não alimentícios;0;Comércio varejista de produtos diversos;1;Comércio varejista de fogos de artifício e similares;As imagens mostram um estabelecimento dedicado à venda de produtos de pirotecnia, confirmando sua especialização no comércio varejista de fogos de artifício.;True
https://www.youtube.com/watch?v=ELslEzeym5g;08115302000117;47.89-0-06;2;gpt-4o-mini;16;B;3;73439;51,7802465;51,78050876;47.89-0/01;47;Comércio varejista;89;Comércio varejista de artigos de uso pessoal e doméstico;0;Comércio varejista especializado;1;Comércio varejista de artigos de festa e fogos de artifício;As imagens mostram um comércio especializado em fogos de artifício, com um ambiente de loja e produtos distintos expostos, confirmando a atividade principal de venda deste tipo de produto.;True
https://www.youtube.com/watch?v=ELslEzeym5g;08115302000117;47.89-0-06;3;gpt-4o-mini;16;B;3;73573;56,73285151;56,73307276;47.59-8-00;47;Comércio varejista;59;Comércio varejista de produtos não especificados anteriormente;8;Comércio varejista de outros produtos novos não especificados anteriormente;0;Comércio varejista de outros produtos novos não especificados anteriormente;As imagens mostram um ambiente comercial dedicado à venda de fogos de artifício e produtos relacionados a festas, caracterizando o comércio varejista de itens pirotécnicos, que se encaixa na subclasse de produtos não especificados anteriormente.;True
https://www.youtube.com/watch?v=ELslEzeym5g;08115302000117;47.89-0-06;1;gpt-4o-mini;16;B;3;26589;50,28404284;50,28422379;47.89-0/03;47;Comércio varejista;89;Comércio varejista de outros produtos;0;Comércio varejista de produtos diversos;3;Comércio varejista de artigos de festa, sem predominância de produtos alimentícios;As imagens mostram um comércio focado na venda de fogos de artifício, evidente nas prateleiras repletas de caixas e na interação do atendente com os clientes. Essa atividade é classificada como comércio varejista especializado em produtos de festa.;False
https://www.youtube.com/watch?v=ELslEzeym5g;08115302000117;47.89-0-06;2;gpt-4o-mini;16;B;3;25792;45,77816248;45,77832508;47.89-0;47;Comércio varejista;89;Comércio varejista de outros produtos não especificados anteriormente;0;Comércio varejista de outros produtos não especificados anteriormente;;;As imagens mostram um estabelecido especializado na venda de produtos para festas, incluindo fogos de artifício, que se encaixa na categoria de comércio varejista de produtos não especificados anteriormente.;False
https://www.youtube.com/watch?v=ELslEzeym5g;08115302000117;47.89-0-06;3;gpt-4o-mini;16;B;3;25017;37,05358338;37,0537343;47.89-0-00;47;Comércio varejista;89;Comércio varejista de produtos não especificados anteriormente;0;Comércio varejista de outros produtos não especificados anteriormente;0;Comércio varejista de outros produtos não especificados anteriormente, incluindo produtos pirotécnicos;Os elementos visuais indicam um comércio varejista focado na venda de artigos de festa e fogos de artifício, caracterizando a atividade principal do empreendimento.;False
https://www.youtube.com/watch?v=ELslEzeym5g;08115302000117;47.89-0-06;1;gpt-4o;16;A;3;214676;62,20064497;62,20096374;47.29-6-06;47;Comércio varejista;29;Outros comércios varejistas de produtos não especificados anteriormente;6;Comércio varejista especializado de outros produtos não alimentícios não especificados anteriormente;6;Comércio varejista de fogos de artifício e artigos pirotécnicos;Com base na análise das várias respostas, observa-se que todas elas apontam para a atividade predominante de comércio varejista de fogos de artifício e artigos pirotécnicos, conforme evidenciado pelas imagens de produtos e contextos de venda ao consumidor final.;True
https://www.youtube.com/watch?v=ELslEzeym5g;08115302000117;47.89-0-06;2;gpt-4o;16;A;3;213983;42,15416956;42,15452051;47.89-0-06;47;Comércio varejista;89;Comércio varejista de produtos não especificados anteriormente;0;Comércio varejista de mercadorias em geral;6;Comércio varejista de fogos de artifício e artigos pirotécnicos;A análise das imagens de diferentes segmentos do vídeo mostra consistentemente prateleiras e caixas repletas de fogos de artifício e artigos pirotécnicos, indicando que a atividade predominante do estabelecimento é o comércio varejista desses produtos.;True
https://www.youtube.com/watch?v=ELslEzeym5g;08115302000117;47.89-0-06;3;gpt-4o;16;A;3;214826;52,85005713;52,85037398;47.29-6-06;47;Comércio varejista;29;Outros produtos;6;Outros artigos não especificados anteriormente;6;Comércio varejista de fogos de artifício e artigos pirotécnicos;A análise dos segmentos do vídeo sugere uma predominância de comércio varejista de fogos de artifício e artigos pirotécnicos, com várias imagens exibindo produtos e prateleiras especificamente para esse tipo de mercadoria.;True
https://www.youtube.com/watch?v=ELslEzeym5g;08115302000117;47.89-0-06;1;gpt-4o;16;A;3;26664;48,55524492;48,55542946;47.89-0-05;47;Comércio varejista;89;Outros tipos de comércio varejista;0;Outros tipos de comércio varejista não especificados anteriormente;5;Comércio varejista de artigos pirotécnicos e fogos de artifício;A análise dos segmentos do vídeo mostra que a atividade predominante é o comércio varejista de fogos de artifício e artigos pirotécnicos. As imagens frequentemente destacam fogos de artifício em exposição e publicidade deste tipo de artigo, indicando que esta é a principal categoria de produtos vendidos no estabelecimento.;False
https://www.youtube.com/watch?v=ELslEzeym5g;08115302000117;47.89-0-06;2;gpt-4o;16;A;3;26203;38,73510051;38,7352674;47.89-0-09;47;Comércio varejista;89;Outros produtos em lojas especializadas;0;Comércio varejista de produtos não especificados anteriormente;9;Comércio varejista de fogos de artifício;A análise dos segmentos do vídeo mostra consistência na presença de fogos de artifício como o produto principal em uma loja varejista. A predominância desta atividade nos trechos avaliados sugere que o comércio varejista de fogos de artifício é a atividade principal do estabelecimento.;False
https://www.youtube.com/watch?v=ELslEzeym5g;08115302000117;47.89-0-06;3;gpt-4o;16;A;3;26664;43,29268956;43,29285526;47.89-0-08;47;Comércio Varejista;89;Outros tipos de comércio varejista;0;Outros tipos de comércio varejista não especificados anteriormente;8;Comércio varejista de fogos de artifício;Considerando todas as respostas dos segmentos, a atividade predominante identificada é o comércio varejista de fogos de artifício. A maioria das imagens mencionadas destacam a presença de produtos relacionados a fogos de artifício, sugerindo que esta é a principal atividade do estabelecimento.;False
https://www.youtube.com/watch?v=ELslEzeym5g;08115302000117;47.89-0-06;1;gpt-4o;16;B;3;73144;53,02828479;53,02849555;47.89-0-06;47;Comércio Varejista;89;Comércio varejista de artigos recreativos, esportivos e outros produtos diversificados, exceto tecidos e vestuário;0;Comércio varejista de artigos recreativos e esportivos;6;Comércio varejista de fogos de artifício e artigos pirotécnicos;As imagens mostram um estabelecimento com prateleiras repletas de fogos de artifício, indicando claramente que a atividade principal é a venda de produtos pirotécnicos. A inscrição 'Minas Fireworks' reforça a identificação com a atividade de comércio de fogos de artifício.;True
https://www.youtube.com/watch?v=ELslEzeym5g;08115302000117;47.89-0-06;2;gpt-4o;16;B;3;73410;44,71957946;44,71984005;47.89-0-06;47;Comércio varejista;89;Comércio varejista de outros artigos de uso pessoal e doméstico;0;Comércio varejista de outros produtos em lojas especializadas;6;Comércio varejista de fogos de artifício;As imagens mostram o interior de uma loja repleta de prateleiras com caixas de fogos de artifício e outros produtos pirotécnicos. A ambientação e produtos expostos indicam que a atividade principal do empreendimento é a venda de fogos de artifício.;True
https://www.youtube.com/watch?v=ELslEzeym5g;08115302000117;47.89-0-06;3;gpt-4o;16;B;3;73150;44,37145114;44,37169743;47.29-6-06;47;Comércio varejista;29;Comércio varejista de produtos não especificados anteriormente;6;Comércio varejista de artigos diversos;6;Comércio varejista de fogos de artifício e artigos de armarinho;As imagens mostram prateleiras cheias de caixas de fogos de artifício e um ambiente que claramente sugere ser uma loja especializada na venda de pirotecnia. Os itens expostos têm rótulos e imagens associados a produtos pirotécnicos.;True
https://www.youtube.com/watch?v=ELslEzeym5g;08115302000117;47.89-0-06;1;gpt-4o;16;B;3;26160;44,37331986;44,37348223;47.89-0-07;47;Comércio varejista;89;Comércio varejista de outros produtos;0;Comércio varejista de outros produtos não especificados anteriormente;7;Comércio varejista de fogos de artifício e artigos pirotécnicos;Os elementos visuais das imagens mostram um estabelecimento especializado na venda de fogos de artifício, observando prateleiras cheias de caixas coloridas típicas de embalagens de pirotecnia, além de itens com nomes sugestivos relacionados ao tipo de produtos vendidos, como 'Cascata' e 'Rajadão';False
https://www.youtube.com/watch?v=ELslEzeym5g;08115302000117;47.89-0-06;2;gpt-4o;16;B;3;26720;44,38132215;44,38149261;47.89-0-07;47;"Comércio; reparação de veículos automotores e motocicletas";89;Comércio varejista de outros produtos não especificados anteriormente;0;Comércio varejista de artigos de uso pessoal e doméstico não especificados anteriormente;7;Comércio varejista de fogos de artifício e artigos pirotécnicos;A presença de prateleiras repletas de fogos de artifício e o balcão de atendimento indicam um ponto de venda direto ao consumidor final, focado em produtos pirotécnicos.;False
https://www.youtube.com/watch?v=ELslEzeym5g;08115302000117;47.89-0-06;3;gpt-4o;16;B;3;26495;45,60641122;45,60657072;47.89-0-04;47;Comércio Varejista, exceto de Veículos Automotores e Motocicletas;89;Comércio varejista de outros produtos novos em lojas especializadas;0;Comércio varejista de outros produtos novos em lojas especializadas;4;Comércio varejista de fogos de artifício;O estabelecimento apresentado nas imagens está claramente voltado ao comércio de fogos de artifício. Isso é evidenciado pela presença de prateleiras com caixas de produtos pirotécnicos e um ambiente com características típicas de uma loja especializada.;False
https://www.youtube.com/watch?v=ELslEzeym5g;08115302000117;47.89-0-06;1;o1;16;A;3;235104;560,1185617;560,1189742;47.89-0-06;47;Comércio varejista;478;Comércio varejista de artigos novos não especificados anteriormente;4789-0;Comércio varejista de outros produtos novos não especificados anteriormente;4789-0/06;Comércio varejista de fogos de artifício e artigos pirotécnicos;Considerando todas as informações, a atividade predominante observada no vídeo é o comércio varejista de fogos de artifício e artigos pirotécnicos.;True
https://www.youtube.com/watch?v=ELslEzeym5g;08115302000117;47.89-0-06;2;o1;16;A;3;236857;623,9116137;623,9120224;47.89-0-06;47;Comércio varejista;47,8;Comércio varejista de outros produtos em lojas especializadas;47.89-0;Comércio varejista de outros produtos em lojas especializadas;47.89-0-06;Comércio varejista de fogos de artifício e artigos pirotécnicos;Observou-se ao longo do vídeo a predominância de comércio varejista de fogos de artifício e artigos pirotécnicos. Embora exista menção a possível atividade de fabricação, o que se vê na maior parte das cenas são prateleiras e balcões com produtos à venda, caracterizando a atividade principal como comércio varejista especializado.;True
https://www.youtube.com/watch?v=ELslEzeym5g;08115302000117;47.89-0-06;3;o1;16;A;3;231717;468,3502049;468,3505504;47.89-0-06;47;Comércio varejista;478;Comércio varejista de outros produtos não especificados anteriormente, em estabelecimentos especializados;47.89-0;Comércio varejista de outros produtos não especificados anteriormente;6;Comércio varejista de fogos de artifício e artigos pirotécnicos;Ao analisar todos os trechos do vídeo, verifica-se que a atividade predominante é a comercialização de fogos de artifício e artigos pirotécnicos em ambiente varejista, evidenciada pela existência de prateleiras e letreiros que demonstram a venda desses produtos diretamente ao consumidor. Embora haja menção a uma possível fabricação, prevalece o comércio varejista como atividade principal.;True
https://www.youtube.com/watch?v=ELslEzeym5g;08115302000117;47.89-0-06;1;o1;16;A;3;42231;278,8340228;278,8341854;47.89-0-07;47;Comércio varejista;47,8;Comércio varejista de outros produtos novos em lojas especializadas;47.89-0;Comércio varejista de outros produtos não especificados anteriormente;47.89-0-07;Comércio varejista de fogos de artifício e artigos pirotécnicos;Observa-se a predominância do comércio de fogos de artifício ao longo de todo o vídeo, indicando que a atividade principal é o varejo de artigos pirotécnicos, embora também haja venda de outros itens, como pipas.;False
https://www.youtube.com/watch?v=ELslEzeym5g;08115302000117;47.89-0-06;2;o1;16;A;3;42492;341,2604454;341,2606239;47.89-0-99;47;Comércio varejista;47,8;Comércio varejista especializado de outros produtos;47.89-0;Comércio varejista de produtos não especificados anteriormente;47.89-0-99;Comércio varejista de outros produtos não especificados anteriormente;Com base em todos os segmentos do vídeo, observa-se a comercialização de fogos de artifício, enquadrando-se no comércio varejista de produtos não especificados em outras subclasses.;False
https://www.youtube.com/watch?v=ELslEzeym5g;08115302000117;47.89-0-06;3;o1;16;A;3;48044;424,0672364;424,0674026;47.89-0-07;47;Comércio varejista;89;Comércio varejista de outros artigos de uso pessoal e doméstico;0;Comércio varejista de outros artigos de uso pessoal e doméstico;7;Comércio varejista de fogos de artifício e artigos pirotécnicos;Após analisar todos os trechos do vídeo, constatou-se que a venda de fogos de artifício e artigos pirotécnicos é a atividade predominante do estabelecimento. Embora também sejam mencionados outros produtos recreativos, a comercialização principal gira em torno de artigos pirotécnicos, enquadrando-se assim em 47.89-0-07.;False
https://www.youtube.com/watch?v=ELslEzeym5g;08115302000117;47.89-0-06;1;o1;16;B;3;89101;303,5368869;303,5372498;47.89-0-06;47;Comércio varejista;89;Outros produtos não especificados anteriormente;0;Comércio varejista de outros produtos não especificados anteriormente;6;Comércio varejista de fogos de artifício e artigos pirotécnicos;As prateleiras estão repletas de caixas de fogos, embalagens com explosões ilustradas e letreiros de 'fireworks', confirmando a venda varejista de fogos de artifício.;True
https://www.youtube.com/watch?v=ELslEzeym5g;08115302000117;47.89-0-06;2;o1;16;B;3;89653;324,693603;324,6939247;47.89-0-99;47;Comércio varejista;8;Outros comércios varejistas de produtos novos;9;Comércio varejista de produtos não especificados anteriormente;99;Comércio varejista de outros produtos não especificados anteriormente;As imagens mostram embalagens e prateleiras repletas de fogos de artifício, caracterizando comércio varejista de artigos pirotécnicos sem subclasse específica.;True
https://www.youtube.com/watch?v=ELslEzeym5g;08115302000117;47.89-0-06;3;o1;16;B;3;94129;448,2728045;448,2731376;47.89-0-99;47;Comércio varejista;47,8;Comércio varejista de outros artigos em lojas especializadas;47.89-0;Comércio varejista de outros produtos novos não especificados anteriormente;47.89-0-99;Comércio varejista de outros produtos não especificados anteriormente;As imagens mostram prateleiras repletas de fogos de artifício, venda direta ao consumidor e balcão típico de loja varejista.;True
https://www.youtube.com/watch?v=ELslEzeym5g;08115302000117;47.89-0-06;1;o1;16;B;3;48141;363,167798;363,1681149;47.63-6-03;47;Comércio varejista;47,6;Comércio varejista de artigos recreativos e esportivos;47.63-6;Comércio varejista de artigos esportivos e recreativos;47.63-6-03;Comércio varejista de fogos de artifício e artigos pirotécnicos;As cenas exibem prateleiras repletas de fogos e um balcão de vendas, evidenciando a atividade de comércio varejista de artigos pirotécnicos.;False
https://www.youtube.com/watch?v=ELslEzeym5g;08115302000117;47.89-0-06;2;o1;16;B;3;46099;325,2638702;325,2640793;47.89-0-10;47;Comércio varejista;478;Comércio varejista de artigos de uso pessoal e doméstico;4789-0;Comércio varejista de outros artigos de uso pessoal e doméstico não especificados anteriormente;10;Comércio varejista de fogos de artifício e artigos pirotécnicos;As imagens mostram uma loja vendendo fogos de artifício diretamente ao consumidor, caracterizando comércio varejista focado em artigos pirotécnicos.;False
https://www.youtube.com/watch?v=ELslEzeym5g;08115302000117;47.89-0-06;3;o1;16;B;3;48085;348,6779795;348,6782305;47.89-0-99;47;Comércio varejista;47,8;Comércio varejista de produtos novos não especificados anteriormente;47.89-0;Comércio varejista de outros produtos novos não especificados anteriormente;47.89-0-99;Comércio varejista de outros produtos não especificados anteriormente;As prateleiras cheias de fogos de artifício e o balcão de loja indicam venda varejista desses produtos pirotécnicos.;False
https://www.youtube.com/watch?v=ELslEzeym5g;08115302000117;47.89-0-06;1;gemini-1.5-flash;-1;C;3;124225;14,66656446;14,66671157;4789-0/06;47;Comércio varejista;89;Comércio varejista de outros produtos não especificados anteriormente;0;Comércio varejista de outros produtos não especificados anteriormente;6;Comércio varejista de fogos de artifício e artigos pirotécnicos;As imagens mostram uma loja repleta de fogos de artifício e outros artigos pirotécnicos, além de pipas, que são itens complementares frequentemente vendidos em lojas deste tipo. A predominância de fogos de artifício indica o CNAE 4789-0/06.;True
https://www.youtube.com/watch?v=ELslEzeym5g;08115302000117;47.89-0-06;2;gemini-1.5-flash;-1;C;3;124215;13,40150619;13,40174055;4789-0/06;47;Comércio varejista;89;Comércio varejista de outros produtos não especificados anteriormente;0;Comércio varejista de outros produtos não especificados anteriormente;6;Comércio varejista de fogos de artifício e artigos pirotécnicos;As imagens mostram uma loja repleta de fogos de artifício e outros artigos pirotécnicos, além de pipas, que são itens complementares frequentemente vendidos em lojas deste tipo. A fachada da loja também indica a venda de fogos e pipas.;True
https://www.youtube.com/watch?v=ELslEzeym5g;08115302000117;47.89-0-06;3;gemini-1.5-flash;-1;C;3;124215;12,89808559;12,89826632;4789-0/06;47;Comércio varejista;89;Comércio varejista de outros produtos não especificados anteriormente;0;Comércio varejista de outros produtos não especificados anteriormente;6;Comércio varejista de fogos de artifício e artigos pirotécnicos;As imagens mostram uma loja repleta de fogos de artifício e outros artigos pirotécnicos, além de pipas, que são itens complementares frequentemente vendidos em lojas deste tipo. A fachada da loja também indica a venda de fogos e pipas.;True
https://www.youtube.com/watch?v=ELslEzeym5g;08115302000117;47.89-0-06;1;gemini-2.0-flash;-1;C;3;124188;7,441261292;7,441414356;47.89-0-06;47;Comércio varejista;89;Comércio varejista de outros equipamentos e artigos de uso pessoal e doméstico;0;Comércio varejista de outros artigos não especificados anteriormente;6;Comércio varejista de fogos de artifício e artigos pirotécnicos;As imagens mostram uma loja com grande variedade de fogos de artifício e artigos pirotécnicos, indicando o comércio varejista desses produtos.;True
https://www.youtube.com/watch?v=ELslEzeym5g;08115302000117;47.89-0-06;2;gemini-2.0-flash;-1;C;3;124188;7,238536119;7,238691092;47.89-0-06;47;Comércio varejista;89;Comércio varejista de outros equipamentos e artigos de uso pessoal e doméstico;0;Comércio varejista de outros artigos não especificados anteriormente;6;Comércio varejista de fogos de artifício e artigos pirotécnicos;As imagens mostram uma loja com grande variedade de fogos de artifício e artigos pirotécnicos, indicando o comércio varejista desses produtos.;True
https://www.youtube.com/watch?v=ELslEzeym5g;08115302000117;47.89-0-06;3;gemini-2.0-flash;-1;C;3;124188;6,83463645;6,834811449;47.89-0-06;47;Comércio varejista;89;Comércio varejista de outros equipamentos e artigos de uso pessoal e doméstico;0;Comércio varejista de outros artigos não especificados anteriormente;6;Comércio varejista de fogos de artifício e artigos pirotécnicos;As imagens mostram uma loja com grande variedade de fogos de artifício e artigos pirotécnicos, indicando o comércio varejista desses produtos.;True
https://www.youtube.com/watch?v=ELslEzeym5g;08115302000117;47.89-0-06;1;gemini-1.5-flash;-1;C;3;67947;12,19159555;12,19169831;47.89-0-02;47;Comércio varejista;89;Comércio varejista de outros produtos não especificados anteriormente;0;Comércio varejista de outros produtos não especificados anteriormente;2;Comércio varejista de artigos de festas;As imagens mostram uma loja que vende fogos de artifício e pipas, que são artigos de festas. A predominância de fogos de artifício e pipas na loja indica que a atividade principal é o comércio varejista de artigos de festas.;False
https://www.youtube.com/watch?v=ELslEzeym5g;08115302000117;47.89-0-06;2;gemini-1.5-flash;-1;C;3;67947;11,20601726;11,20612407;47.89-0-02;47;Comércio varejista;89;Comércio varejista de outros produtos não especificados anteriormente;0;Comércio varejista de outros produtos não especificados anteriormente;2;Comércio varejista de artigos de festas;As imagens mostram uma loja que vende fogos de artifício e pipas, que são artigos de festas. A predominância de fogos de artifício e pipas na loja indica que a atividade principal é o comércio varejista de artigos de festas.;False
https://www.youtube.com/watch?v=ELslEzeym5g;08115302000117;47.89-0-06;3;gemini-1.5-flash;-1;C;3;67948;12,69554377;12,69565392;47.89-0-02;47;Comércio varejista;89;Comércio varejista de outros produtos não especificados anteriormente;0;Comércio varejista de outros produtos não especificados anteriormente;2;Comércio varejista de artigos de festas;As imagens mostram uma loja que vende fogos de artifício e pipas, que são artigos de festas. A predominância de fogos de artifício e pipas na loja indica que a atividade principal é o comércio varejista de artigos de festas.;False
https://www.youtube.com/watch?v=ELslEzeym5g;08115302000117;47.89-0-06;1;gemini-2.0-flash;-1;C;3;68023;6,984712124;6,984865665;47.89-0-08;47;Comércio varejista;89;Comércio varejista de outros produtos novos não especificados anteriormente;0;Comércio varejista de outros produtos novos não especificados anteriormente;8;Comércio varejista de artigos fotográficos e para filmagem;A análise das imagens revela que o estabelecimento comercializa fogos de artifício e pipas. O CNAE 47.89-0/08 é o mais adequado, pois abrange o comércio varejista de outros artigos não especificados, incluindo fogos de artifício e artigos para festas. A venda de pipas pode ser considerada como um artigo para lazer e recreação, enquadrando-se na generalidade da classe.;False
https://www.youtube.com/watch?v=ELslEzeym5g;08115302000117;47.89-0-06;2;gemini-2.0-flash;-1;C;3;68023;7,21049571;7,210602999;47.89-0-08;47;Comércio varejista;89;Comércio varejista de outros produtos novos não especificados anteriormente;0;Comércio varejista de outros produtos novos não especificados anteriormente;8;Comércio varejista de artigos fotográficos e para filmagem;A análise das imagens revela que o estabelecimento comercializa fogos de artifício e pipas. O CNAE 47.89-0/08 é o mais adequado, pois abrange o comércio varejista de outros artigos não especificados, incluindo fogos de artifício e artigos para festas. A venda de pipas pode ser considerada como um artigo para lazer e recreação, enquadrando-se na generalidade da classe.;False
https://www.youtube.com/watch?v=ELslEzeym5g;08115302000117;47.89-0-06;3;gemini-2.0-flash;-1;C;3;68023;8,069953203;8,070058107;47.89-0-08;47;Comércio varejista;89;Comércio varejista de outros produtos novos não especificados anteriormente;0;Comércio varejista de outros produtos novos não especificados anteriormente;8;Comércio varejista de artigos fotográficos e para filmagem;A análise das imagens revela que o estabelecimento comercializa fogos de artifício e pipas. O CNAE 47.89-0/08 é o mais adequado, pois abrange o comércio varejista de outros artigos não especificados, incluindo fogos de artifício e artigos para festas. A venda de pipas pode ser considerada como um artigo para lazer e recreação, enquadrando-se na generalidade da classe.;False
https://www.youtube.com/watch?v=ttDcnljSQBc;33334000000187;45.20-0-01;1;gemini-1.5-flash;-1;C;3;48881;10,95570755;10,95584035;45.20-4-01;45;Manutenção e reparação de veículos automotores;20;Manutenção e reparação de veículos automotores;4;Manutenção e reparação de veículos automotores;1;Manutenção e reparação de veículos leves;As imagens mostram uma oficina mecânica especializada em veículos de luxo, com equipamentos de alta tecnologia para diagnóstico, reparo e manutenção. A predominância de carros de passeio indica a especialização em veículos leves.;False
https://www.youtube.com/watch?v=ttDcnljSQBc;33334000000187;45.20-0-01;2;gemini-1.5-flash;-1;C;3;48851;10,11454439;10,11464763;45.20-4-01;45;Manutenção e reparação de veículos automotores;20;Manutenção e reparação de veículos automotores;4;Manutenção e reparação de veículos automotores;1;Manutenção e reparação de veículos leves;As imagens mostram uma oficina mecânica especializada em veículos de luxo, com equipamentos de alta tecnologia para diagnóstico, reparo e manutenção. A predominância de carros de passeio indica a especialização em veículos leves.;False
https://www.youtube.com/watch?v=ttDcnljSQBc;33334000000187;45.20-0-01;3;gemini-1.5-flash;-1;C;3;48881;10,74734044;10,74745369;45.20-4-01;45;Manutenção e reparação de veículos automotores;20;Manutenção e reparação de veículos automotores;4;Manutenção e reparação de veículos automotores;1;Manutenção e reparação de veículos leves;As imagens mostram uma oficina mecânica especializada em veículos de luxo, com equipamentos de alta tecnologia para diagnóstico, reparo e manutenção. A predominância de carros de passeio indica a especialização em veículos leves.;False
https://www.youtube.com/watch?v=ttDcnljSQBc;33334000000187;45.20-0-01;1;gemini-2.0-flash;-1;C;3;48912;5,973240852;5,973345995;45.20-0-01;45;Comércio, manutenção e reparação de veículos automotores e motocicletas;20;Manutenção e reparação de veículos automotores;0;Manutenção e reparação de veículos automotores;1;Serviços de manutenção e reparação mecânica em geral de veículos automotores;As imagens mostram uma oficina especializada em carros de luxo, realizando serviços de manutenção, reparação mecânica, balanceamento de rodas e outros serviços automotivos. A presença de elevadores automotivos, ferramentas especializadas e equipamentos de diagnóstico indicam a atividade de manutenção e reparação de veículos automotores.;False
https://www.youtube.com/watch?v=ttDcnljSQBc;33334000000187;45.20-0-01;2;gemini-2.0-flash;-1;C;3;48912;5,568025112;5,568149567;45.20-0-01;45;Comércio, manutenção e reparação de veículos automotores e motocicletas;20;Manutenção e reparação de veículos automotores;0;Manutenção e reparação de veículos automotores;1;Serviços de manutenção e reparação mecânica em geral de veículos automotores;As imagens mostram uma oficina especializada em carros de luxo, realizando serviços de manutenção, reparação mecânica, balanceamento de rodas e outros serviços automotivos. A presença de elevadores automotivos, ferramentas especializadas e equipamentos de diagnóstico indicam a atividade de manutenção e reparação de veículos automotores.;False
https://www.youtube.com/watch?v=ttDcnljSQBc;33334000000187;45.20-0-01;3;gemini-2.0-flash;-1;C;3;48912;5,517428398;5,517531872;45.20-0-01;45;Comércio, manutenção e reparação de veículos automotores e motocicletas;20;Manutenção e reparação de veículos automotores;0;Manutenção e reparação de veículos automotores;1;Serviços de manutenção e reparação mecânica em geral de veículos automotores;As imagens mostram uma oficina especializada em carros de luxo, realizando serviços de manutenção, reparação mecânica, balanceamento de rodas e outros serviços automotivos. A presença de elevadores automotivos, ferramentas especializadas e equipamentos de diagnóstico indicam a atividade de manutenção e reparação de veículos automotores.;False
https://www.youtube.com/watch?v=ttDcnljSQBc;33334000000187;45.20-0-01;1;gemini-1.5-flash;-1;C;3;105104;12,01306963;12,01322627;4520-0/01;45;Manutenção e reparação de veículos automotores;20;Manutenção e reparação de veículos automotores;0;Manutenção e reparação de veículos automotores;1;Manutenção e reparação mecânica de veículos automotores;As imagens mostram uma oficina mecânica especializada em veículos de alta performance, com equipamentos e serviços de manutenção e reparação. A predominância de serviços mecânicos em carros de luxo indica o CNAE 4520-0/01.;True
https://www.youtube.com/watch?v=ttDcnljSQBc;33334000000187;45.20-0-01;2;gemini-1.5-flash;-1;C;3;105105;11,83572912;11,83591413;4520-0/01;45;Manutenção e reparação de veículos automotores;20;Manutenção e reparação de veículos automotores;0;Manutenção e reparação de veículos automotores;1;Manutenção e reparação mecânica de veículos automotores;As imagens mostram uma oficina mecânica especializada em veículos de alta performance, com equipamentos e serviços de manutenção e reparação. A predominância de serviços mecânicos em carros de luxo indica o CNAE 4520-0/01.;True
https://www.youtube.com/watch?v=ttDcnljSQBc;33334000000187;45.20-0-01;3;gemini-1.5-flash;-1;C;3;105105;12,24007487;12,24027228;4520-0/01;45;Manutenção e reparação de veículos automotores;20;Manutenção e reparação de veículos automotores;0;Manutenção e reparação de veículos automotores;1;Manutenção e reparação mecânica de veículos automotores;As imagens mostram uma oficina mecânica especializada em veículos de alta performance, com equipamentos e serviços de manutenção e reparação. A predominância de serviços mecânicos em carros de luxo indica o CNAE 4520-0/01.;True
https://www.youtube.com/watch?v=ttDcnljSQBc;33334000000187;45.20-0-01;1;gemini-2.0-flash;-1;C;3;105097;6,180751562;6,180907965;45.20-0/01;45;Comércio e reparação de veículos automotores e motocicletas;20;Manutenção e reparação de veículos automotores;0;Serviços de manutenção e reparação de veículos automotores;1;Serviços de manutenção e reparação mecânica de veículos automotores;As imagens mostram uma oficina especializada em carros de luxo, realizando serviços de manutenção mecânica, alinhamento, balanceamento e outros reparos automotivos. Há também imagens de ferramentas e equipamentos de diagnóstico automotivo.;True
https://www.youtube.com/watch?v=ttDcnljSQBc;33334000000187;45.20-0-01;2;gemini-2.0-flash;-1;C;3;105097;7,412151575;7,412303209;45.20-0/01;45;Comércio e reparação de veículos automotores e motocicletas;20;Manutenção e reparação de veículos automotores;0;Serviços de manutenção e reparação de veículos automotores;1;Serviços de manutenção e reparação mecânica de veículos automotores;As imagens mostram uma oficina especializada em carros de luxo, realizando serviços de manutenção mecânica, alinhamento, balanceamento e outros reparos automotivos. Há também imagens de ferramentas e equipamentos de diagnóstico automotivo.;True
https://www.youtube.com/watch?v=ttDcnljSQBc;33334000000187;45.20-0-01;3;gemini-2.0-flash;-1;C;3;105097;6,884328842;6,884520054;45.20-0/01;45;Comércio e reparação de veículos automotores e motocicletas;20;Manutenção e reparação de veículos automotores;0;Serviços de manutenção e reparação de veículos automotores;1;Serviços de manutenção e reparação mecânica de veículos automotores;As imagens mostram uma oficina especializada em carros de luxo, realizando serviços de manutenção mecânica, alinhamento, balanceamento e outros reparos automotivos. Há também imagens de ferramentas e equipamentos de diagnóstico automotivo.;True
https://www.youtube.com/watch?v=KNdec9yoU6U;28173534000139;47-11-3-01;1;gemini-1.5-flash;-1;C;3;189479;17,5256381;17,525805;02/03/4711;47;Comércio varejista;11;Comércio varejista de mercadorias em geral, com predominância de produtos alimentícios;1;Comércio varejista de mercadorias em geral, com predominância de produtos alimentícios - hipermercados;2;Comércio varejista de mercadorias em geral, com predominância de produtos alimentícios - supermercados;As imagens mostram um grande estabelecimento comercial com uma ampla variedade de produtos alimentícios, bebidas, produtos de higiene e limpeza, além de seções de açougue e padaria.  A estrutura e a variedade de produtos são consistentes com um supermercado.;True
https://www.youtube.com/watch?v=KNdec9yoU6U;28173534000139;47-11-3-01;2;gemini-1.5-flash;-1;C;3;189467;17,8278749;17,82801509;02/03/4711;47;Comércio varejista;11;Comércio varejista de mercadorias em geral, com predominância de produtos alimentícios;1;Comércio varejista de mercadorias em geral, com predominância de produtos alimentícios - hipermercados;2;Comércio varejista de mercadorias em geral, com predominância de produtos alimentícios - supermercados;As imagens mostram um estabelecimento comercial com grande variedade de produtos alimentícios, perecíveis e não perecíveis, além de seções de açougue e padaria, características de um supermercado.;True
https://www.youtube.com/watch?v=KNdec9yoU6U;28173534000139;47-11-3-01;3;gemini-1.5-flash;-1;C;3;189467;16,30718994;16,30734587;02/03/4711;47;Comércio varejista;11;Comércio varejista de mercadorias em geral, com predominância de produtos alimentícios;1;Comércio varejista de mercadorias em geral, com predominância de produtos alimentícios - hipermercados;2;Comércio varejista de mercadorias em geral, com predominância de produtos alimentícios - supermercados;As imagens mostram um estabelecimento comercial com grande variedade de produtos alimentícios, perecíveis e não perecíveis, além de seções de açougue e padaria, características de um supermercado.;True
https://www.youtube.com/watch?v=KNdec9yoU6U;28173534000139;47-11-3-01;1;gemini-2.0-flash;-1;C;3;189506;8,959342718;8,959496498;47.11-3/02;47;"Comércio; reparação de veículos automotores e motocicletas";11;Comércio varejista de mercadorias em geral, com predominância de produtos alimentícios;3;Comércio varejista de mercadorias em geral, com predominância de produtos alimentícios - hipermercados e supermercados;2;Comércio varejista de mercadorias em geral, com predominância de produtos alimentícios - supermercados;As imagens mostram um estabelecimento com grande variedade de produtos alimentícios e de limpeza, característico de supermercados.;True
https://www.youtube.com/watch?v=KNdec9yoU6U;28173534000139;47-11-3-01;2;gemini-2.0-flash;-1;C;3;189506;11,81652164;11,81668425;47.11-3/02;47;"Comércio; reparação de veículos automotores e motocicletas";11;Comércio varejista de mercadorias em geral, com predominância de produtos alimentícios;3;Comércio varejista de mercadorias em geral, com predominância de produtos alimentícios - hipermercados e supermercados;2;Comércio varejista de mercadorias em geral, com predominância de produtos alimentícios - supermercados;As imagens mostram um estabelecimento com grande variedade de produtos alimentícios e de limpeza, característico de supermercados.;True
https://www.youtube.com/watch?v=KNdec9yoU6U;28173534000139;47-11-3-01;3;gemini-2.0-flash;-1;C;3;189506;10,01979947;10,01995206;47.11-3/02;47;"Comércio; reparação de veículos automotores e motocicletas";11;Comércio varejista de mercadorias em geral, com predominância de produtos alimentícios;3;Comércio varejista de mercadorias em geral, com predominância de produtos alimentícios - hipermercados e supermercados;2;Comércio varejista de mercadorias em geral, com predominância de produtos alimentícios - supermercados;As imagens mostram um estabelecimento com grande variedade de produtos alimentícios e de limpeza, característico de supermercados.;True
https://www.youtube.com/watch?v=KNdec9yoU6U;28173534000139;47-11-3-01;1;gemini-1.5-flash;-1;C;3;133235;14,23635125;14,2364831;47.11-9-00;47;Comércio varejista;11;Comércio varejista de alimentos, bebidas e fumo;9;Comércio varejista de mercadorias em geral, com predominância de produtos alimentícios – supermercados;0;Comércio varejista de mercadorias em geral, com predominância de produtos alimentícios – supermercados;As imagens mostram um supermercado com ampla variedade de produtos alimentícios, bebidas e outros itens de mercearia. A estrutura, organização e variedade de produtos são características de um supermercado.;False
https://www.youtube.com/watch?v=KNdec9yoU6U;28173534000139;47-11-3-01;2;gemini-1.5-flash;-1;C;3;133236;14,36376405;14,36387396;47.11-9-00;47;Comércio varejista;11;Comércio varejista de alimentos, bebidas e fumo;9;Comércio varejista de mercadorias em geral, com predominância de produtos alimentícios – supermercados;0;Comércio varejista de mercadorias em geral, com predominância de produtos alimentícios – supermercados;As imagens mostram um supermercado com ampla variedade de produtos alimentícios, bebidas e outros itens de mercearia. A estrutura, organização e variedade de produtos são características de um supermercado.;False
https://www.youtube.com/watch?v=KNdec9yoU6U;28173534000139;47-11-3-01;3;gemini-1.5-flash;-1;C;3;133240;16,25855494;16,25867224;47.11-9-00;47;Comércio varejista;11;Comércio varejista de alimentos, bebidas e fumo;9;Comércio varejista de mercadorias em geral, com predominância de produtos alimentícios – supermercados;0;Comércio varejista de mercadorias em geral, com predominância de produtos alimentícios – supermercados;As imagens mostram um supermercado com uma grande variedade de produtos alimentícios, bebidas e outros produtos de mercearia. A estrutura, organização e variedade de produtos são consistentes com a atividade de um supermercado.;False
https://www.youtube.com/watch?v=KNdec9yoU6U;28173534000139;47-11-3-01;1;gemini-2.0-flash;-1;C;3;133319;9,212618113;9,212729692;47.11-3-02;47;COMÉRCIO VAREJISTA;11;Comércio varejista de produtos alimentícios, bebidas e fumo;3;Comércio varejista de mercadorias em geral, com predominância de produtos alimentícios - supermercados;2;Comércio varejista de mercadorias em geral, com predominância de produtos alimentícios - supermercados;As imagens mostram um supermercado com diversas seções de produtos alimentícios, bebidas, produtos de limpeza e higiene pessoal. A organização, variedade de produtos e a escala da operação indicam que se trata de um supermercado, cuja atividade principal é o comércio varejista de mercadorias em geral com predominância de produtos alimentícios.;False
https://www.youtube.com/watch?v=KNdec9yoU6U;28173534000139;47-11-3-01;2;gemini-2.0-flash;-1;C;3;133319;8,068073988;8,068184853;47.11-3-02;47;COMÉRCIO VAREJISTA;11;Comércio varejista de produtos alimentícios, bebidas e fumo;3;Comércio varejista de mercadorias em geral, com predominância de produtos alimentícios - supermercados;2;Comércio varejista de mercadorias em geral, com predominância de produtos alimentícios - supermercados;As imagens mostram um supermercado com diversas seções de produtos alimentícios, bebidas, produtos de limpeza e higiene pessoal. A organização, variedade de produtos e a escala da operação indicam que se trata de um supermercado, cuja atividade principal é o comércio varejista de mercadorias em geral com predominância de produtos alimentícios.;False
https://www.youtube.com/watch?v=KNdec9yoU6U;28173534000139;47-11-3-01;3;gemini-2.0-flash;-1;C;3;133319;8,24396801;8,244079828;47.11-3-02;47;COMÉRCIO VAREJISTA;11;Comércio varejista de produtos alimentícios, bebidas e fumo;3;Comércio varejista de mercadorias em geral, com predominância de produtos alimentícios - supermercados;2;Comércio varejista de mercadorias em geral, com predominância de produtos alimentícios - supermercados;As imagens mostram um supermercado com diversas seções de produtos alimentícios, bebidas, produtos de limpeza e higiene pessoal. A organização, variedade de produtos e a escala da operação indicam que se trata de um supermercado, cuja atividade principal é o comércio varejista de mercadorias em geral com predominância de produtos alimentícios.;False